id,star_id,hjd,camera,mag,mag_err,flux,flux_err,created_at,updated_at
002ca531-020d-522c-bc68-bd5fc3403d01,5cc223ed-e78d-50c2-bf25-21e7ddd19499,2457008.55363,bf,12.98,0.02,33.295,0.613,2019-04-16 16:27:28 UTC,2019-04-16 16:27:28 UTC
00d18545-4f10-5116-b888-361444de372c,5cc223ed-e78d-50c2-bf25-21e7ddd19499,2456886.75047,bf,10.551,0.02,311.962,5.74,2019-04-16 16:27:30 UTC,2019-04-16 16:27:30 UTC
0198c1e8-fd68-532e-b8a8-c8bbf84eac86,5cc223ed-e78d-50c2-bf25-21e7ddd19499,2457291.82106,bh,11.702,0.02,80.021,1.472,2019-04-16 16:27:34 UTC,2019-04-16 16:27:34 UTC
01b905b5-125e-5e4b-96be-957a22d07d95,5cc223ed-e78d-50c2-bf25-21e7ddd19499,2456844.82559,bf,13.922,0.02198,13.988,0.283,2019-04-16 16:27:30 UTC,2019-04-16 16:27:30 UTC
02ad47f7-cc46-5dc3-ae33-d8318e396bd3,5cc223ed-e78d-50c2-bf25-21e7ddd19499,2457688.58049,bh,12.813,0.02,28.742,0.529,2019-04-16 16:27:30 UTC,2019-04-16 16:27:30 UTC
03ae8d7e-7571-5cbc-9239-2e4a9f8fc9c2,5cc223ed-e78d-50c2-bf25-21e7ddd19499,2458076.61184,bh,13.787,0.02261,11.724,0.244,2019-04-16 16:27:18 UTC,2019-04-16 16:27:18 UTC
063e3fbf-1bd3-5d8d-87fb-d9f9929476e2,5cc223ed-e78d-50c2-bf25-21e7ddd19499,2456805.88399,bf,13.784,0.02185,15.885,0.319,2019-04-16 16:27:28 UTC,2019-04-16 16:27:28 UTC
065087ec-6e13-57de-b108-bc09cb779e77,5cc223ed-e78d-50c2-bf25-21e7ddd19499,2457304.64814,bh,10.865,0.02,172.974,3.183,2019-04-16 16:27:43 UTC,2019-04-16 16:27:43 UTC
06fa4dec-4cb1-5d85-aa60-933c411a5d46,5cc223ed-e78d-50c2-bf25-21e7ddd19499,2457660.64813,bh,13.41,0.02187,16.592,0.334,2019-04-16 16:27:28 UTC,2019-04-16 16:27:28 UTC
07416576-6e54-5618-94c1-9e43a06d1017,5cc223ed-e78d-50c2-bf25-21e7ddd19499,2457311.75063,bh,10.798,0.02,183.977,3.385,2019-04-16 16:27:23 UTC,2019-04-16 16:27:23 UTC
09190b97-0430-5edb-bcab-9c445c081dcb,5cc223ed-e78d-50c2-bf25-21e7ddd19499,2458068.62322,bh,14.178,0.0255,8.177,0.192,2019-04-16 16:27:24 UTC,2019-04-16 16:27:24 UTC
095befc3-2198-55f4-9b91-85e5df9bd271,5cc223ed-e78d-50c2-bf25-21e7ddd19499,2457184.92463,bf,14.914,0.03117,5.608,0.161,2019-04-16 16:27:28 UTC,2019-04-16 16:27:28 UTC
0b3ddd2c-f6ba-5eed-bad7-da9ea861ac55,5cc223ed-e78d-50c2-bf25-21e7ddd19499,2456873.69205,bf,10.762,0.02,257.096,4.731,2019-04-16 16:27:23 UTC,2019-04-16 16:27:23 UTC
0bc203ef-2a39-5301-8ce3-23e0e982a357,5cc223ed-e78d-50c2-bf25-21e7ddd19499,2457667.77605,bh,13.32,0.022,18.024,0.365,2019-04-16 16:27:27 UTC,2019-04-16 16:27:27 UTC
0cf405b3-1587-5fe6-81e1-562c8a8b49e8,5cc223ed-e78d-50c2-bf25-21e7ddd19499,2457282.82434,bh,12.813,0.02,28.765,0.529,2019-04-16 16:27:24 UTC,2019-04-16 16:27:24 UTC
0d483dc4-2f63-5462-b6cf-1dfdf2ad74db,5cc223ed-e78d-50c2-bf25-21e7ddd19499,2457980.7972,bh,14.464,0.02914,6.288,0.169,2019-04-16 16:27:28 UTC,2019-04-16 16:27:28 UTC
0d973b5f-1863-545e-a32c-860215cfe21c,5cc223ed-e78d-50c2-bf25-21e7ddd19499,2457384.58381,bh,12.236,0.02,48.929,0.9,2019-04-16 16:27:23 UTC,2019-04-16 16:27:23 UTC
0d991e95-81bd-5abe-86aa-1d95a45d9c47,5cc223ed-e78d-50c2-bf25-21e7ddd19499,2456904.72675,bf,10.68,0.02,276.877,5.095,2019-04-16 16:27:32 UTC,2019-04-16 16:27:32 UTC
0ef1f6b3-b7fe-5ce0-9129-b722d220fcf0,5cc223ed-e78d-50c2-bf25-21e7ddd19499,2458382.57516,bh,13.899,0.02321,10.577,0.226,2019-04-16 16:27:28 UTC,2019-04-16 16:27:28 UTC
0f39342f-46e4-55ff-9834-ef2199debc65,5cc223ed-e78d-50c2-bf25-21e7ddd19499,2458377.66728,bh,14.221,0.02596,7.864,0.188,2019-04-16 16:27:28 UTC,2019-04-16 16:27:28 UTC
0f414f66-9b5f-5eac-b18c-ea9f7e26931a,5cc223ed-e78d-50c2-bf25-21e7ddd19499,2457270.74017,bf,14.061,0.02238,12.301,0.253,2019-04-16 16:27:47 UTC,2019-04-16 16:27:47 UTC
0f989535-477f-58e9-acfd-85608ac19956,5cc223ed-e78d-50c2-bf25-21e7ddd19499,2456890.74162,bf,10.577,0.02,304.476,5.602,2019-04-16 16:27:20 UTC,2019-04-16 16:27:20 UTC
10b736ca-ca8c-50ed-9290-77467305db95,5cc223ed-e78d-50c2-bf25-21e7ddd19499,2457566.86983,bh,14.509,0.02984,6.03,0.166,2019-04-16 16:27:28 UTC,2019-04-16 16:27:28 UTC
10ca0df0-ed03-5d37-81e6-1f64c63c9055,5cc223ed-e78d-50c2-bf25-21e7ddd19499,2458036.70962,bh,13.993,0.02385,9.701,0.213,2019-04-16 16:27:34 UTC,2019-04-16 16:27:34 UTC
10ebfb03-3614-5f36-8653-4b472909f0a6,5cc223ed-e78d-50c2-bf25-21e7ddd19499,2457915.83213,bh,13.318,0.022,18.056,0.366,2019-04-16 16:27:41 UTC,2019-04-16 16:27:41 UTC
1151955b-ec1c-5610-b7d4-6928587d39dd,5cc223ed-e78d-50c2-bf25-21e7ddd19499,2457353.68283,bh,11.612,0.02,86.933,1.6,2019-04-16 16:27:41 UTC,2019-04-16 16:27:41 UTC
123a7cc9-0619-599c-8fa7-1a0f23d79fc8,5cc223ed-e78d-50c2-bf25-21e7ddd19499,2457319.68946,bh,10.862,0.02,173.445,3.191,2019-04-16 16:27:20 UTC,2019-04-16 16:27:20 UTC
127b9616-95e8-58ee-a257-aa64d415bbc1,5cc223ed-e78d-50c2-bf25-21e7ddd19499,2457287.81674,bh,12.125,0.02,54.206,0.997,2019-04-16 16:27:24 UTC,2019-04-16 16:27:24 UTC
133878b6-509a-5a1d-9976-ee5bcab15f7f,5cc223ed-e78d-50c2-bf25-21e7ddd19499,2457603.74737,bh,15.003,0.04035,3.827,0.142,2019-04-16 16:27:23 UTC,2019-04-16 16:27:23 UTC
13a63882-5d1d-5672-bd56-ac1cef3116cc,5cc223ed-e78d-50c2-bf25-21e7ddd19499,2456976.6473,bf,12.374,0.02,58.195,1.071,2019-04-16 16:27:30 UTC,2019-04-16 16:27:30 UTC
13f19b68-c086-5ee8-89f9-6f40be3e3640,5cc223ed-e78d-50c2-bf25-21e7ddd19499,2458356.68176,bh,14.237,0.02614,7.745,0.186,2019-04-16 16:27:28 UTC,2019-04-16 16:27:28 UTC
1708ac2f-1958-5c51-a7b2-b33296c01c1e,5cc223ed-e78d-50c2-bf25-21e7ddd19499,2456951.646,bf,11.856,0.02,93.742,1.725,2019-04-16 16:27:55 UTC,2019-04-16 16:27:55 UTC
18b0b7c6-48b6-5e57-b605-ad5c0eb0245c,5cc223ed-e78d-50c2-bf25-21e7ddd19499,2457935.82894,bh,13.868,0.02302,10.884,0.231,2019-04-16 16:27:28 UTC,2019-04-16 16:27:28 UTC
199b64ba-72b1-55ef-b67e-e1c99752ea83,5cc223ed-e78d-50c2-bf25-21e7ddd19499,2457294.66981,bh,11.439,0.02,101.896,1.875,2019-04-16 16:27:24 UTC,2019-04-16 16:27:24 UTC
19c081a8-e42b-5c98-93b2-2058096f01a2,5cc223ed-e78d-50c2-bf25-21e7ddd19499,2457945.78221,bh,13.813,0.02273,11.445,0.239,2019-04-16 16:27:55 UTC,2019-04-16 16:27:55 UTC
1b004930-d24f-5e83-91cd-7ceb1aebbd38,5cc223ed-e78d-50c2-bf25-21e7ddd19499,2458046.63794,bh,14.209,0.02583,7.951,0.189,2019-04-16 16:27:41 UTC,2019-04-16 16:27:41 UTC
1cabec25-fdc5-561b-b172-71d36630baa3,5cc223ed-e78d-50c2-bf25-21e7ddd19499,2457910.84979,bh,13.531,0.02188,14.844,0.299,2019-04-16 16:27:17 UTC,2019-04-16 16:27:17 UTC
1e17c092-6268-5138-aaee-5e219b94872c,5cc223ed-e78d-50c2-bf25-21e7ddd19499,2458088.60444,bh,14.19,0.02563,8.087,0.191,2019-04-16 16:27:24 UTC,2019-04-16 16:27:24 UTC
1e3ee9ea-983e-5376-8ed0-2e559362d936,5cc223ed-e78d-50c2-bf25-21e7ddd19499,2457650.73944,bh,13.764,0.0225,11.98,0.248,2019-04-16 16:27:15 UTC,2019-04-16 16:27:15 UTC
1e47449b-d927-5cac-b7f4-e2de59fdae5b,5cc223ed-e78d-50c2-bf25-21e7ddd19499,2457306.8197,bh,10.813,0.02,181.456,3.339,2019-04-16 16:27:22 UTC,2019-04-16 16:27:22 UTC
20cf7c16-9fed-5e08-ad00-6f7f7cdc9961,5cc223ed-e78d-50c2-bf25-21e7ddd19499,2457691.61879,bh,12.535,0.02,37.145,0.683,2019-04-16 16:27:39 UTC,2019-04-16 16:27:39 UTC
21906c90-e540-5fb3-9f98-97ef3c570c17,5cc223ed-e78d-50c2-bf25-21e7ddd19499,2457904.86151,bh,13.334,0.02197,17.8,0.36,2019-04-16 16:27:20 UTC,2019-04-16 16:27:20 UTC
21d2fa77-1077-50c2-b4eb-e5092fe24808,5cc223ed-e78d-50c2-bf25-21e7ddd19499,2458368.67623,bh,14.387,0.02802,6.749,0.174,2019-04-16 16:27:28 UTC,2019-04-16 16:27:28 UTC
22cbb91d-a69f-5a0e-8a2b-30ddd43a2939,5cc223ed-e78d-50c2-bf25-21e7ddd19499,2456892.7436,bf,10.615,0.02,294.107,5.412,2019-04-16 16:27:23 UTC,2019-04-16 16:27:23 UTC
251293d5-a40a-5b97-adf8-d87fffe2952f,5cc223ed-e78d-50c2-bf25-21e7ddd19499,2457252.7315,bf,14.279,0.02356,10.067,0.218,2019-04-16 16:27:39 UTC,2019-04-16 16:27:39 UTC
27eb88a9-676a-5232-9737-450f3e5b91b0,5cc223ed-e78d-50c2-bf25-21e7ddd19499,2457207.78637,bf,14.282,0.02359,10.037,0.218,2019-04-16 16:27:24 UTC,2019-04-16 16:27:24 UTC
28d82350-f900-5708-b9e0-a7210c2df13e,5cc223ed-e78d-50c2-bf25-21e7ddd19499,2457725.57938,bh,10.25,0.02,304.697,5.606,2019-04-16 16:27:17 UTC,2019-04-16 16:27:17 UTC
28eb55b4-6e3e-518e-ba90-32497d8753f4,5cc223ed-e78d-50c2-bf25-21e7ddd19499,2457545.83753,bh,14.923,0.03827,4.119,0.145,2019-04-16 16:27:54 UTC,2019-04-16 16:27:54 UTC
29194760-175b-5e66-802f-c172759f2056,5cc223ed-e78d-50c2-bf25-21e7ddd19499,2457958.84561,bh,14.211,0.02585,7.937,0.189,2019-04-16 16:27:55 UTC,2019-04-16 16:27:55 UTC
29214bfe-17b3-5bac-9416-3b933dbb1736,5cc223ed-e78d-50c2-bf25-21e7ddd19499,2457183.91121,bf,14.769,0.02882,6.41,0.17,2019-04-16 16:27:55 UTC,2019-04-16 16:27:55 UTC
2aacf439-bab5-5b47-aa0a-0ea7a9f8ddfe,5cc223ed-e78d-50c2-bf25-21e7ddd19499,2457979.79672,bh,14.531,0.0302,5.911,0.164,2019-04-16 16:27:39 UTC,2019-04-16 16:27:39 UTC
2c92d0ee-17f4-5aac-9b6b-b2d85ff3714c,5cc223ed-e78d-50c2-bf25-21e7ddd19499,2458052.57805,bh,14.298,0.02686,7.323,0.181,2019-04-16 16:27:41 UTC,2019-04-16 16:27:41 UTC
306db922-ab88-53dd-8202-b1f997e3f800,5cc223ed-e78d-50c2-bf25-21e7ddd19499,2458111.56923,bh,13.444,0.02185,16.082,0.323,2019-04-16 16:27:27 UTC,2019-04-16 16:27:27 UTC
3099029e-5a9a-561e-b219-1044d87671bd,5cc223ed-e78d-50c2-bf25-21e7ddd19499,2457888.91818,bh,13.159,0.02257,20.902,0.434,2019-04-16 16:27:15 UTC,2019-04-16 16:27:15 UTC
30fb940f-e682-599b-a510-79b71702572a,5cc223ed-e78d-50c2-bf25-21e7ddd19499,2458128.54452,bh,12.368,0.02,43.316,0.797,2019-04-16 16:27:15 UTC,2019-04-16 16:27:15 UTC
318a25ff-d65c-564b-9a89-e57d3e4c5e51,5cc223ed-e78d-50c2-bf25-21e7ddd19499,2457371.63109,bh,11.976,0.02,62.178,1.144,2019-04-16 16:27:28 UTC,2019-04-16 16:27:28 UTC
31c3b954-e7fc-51b8-a0e8-f3579f0d3a88,5cc223ed-e78d-50c2-bf25-21e7ddd19499,2457267.60147,bh,13.577,0.02194,14.226,0.287,2019-04-16 16:27:23 UTC,2019-04-16 16:27:23 UTC
31d8c50c-2cc8-51a1-9793-81cb65aa4961,5cc223ed-e78d-50c2-bf25-21e7ddd19499,2457187.84362,bf,14.858,0.0302,5.91,0.164,2019-04-16 16:27:26 UTC,2019-04-16 16:27:26 UTC
32c0ce7f-df87-58eb-afb5-4b42d6af7d22,5cc223ed-e78d-50c2-bf25-21e7ddd19499,2457396.54431,bh,12.427,0.02,41.031,0.755,2019-04-16 16:27:15 UTC,2019-04-16 16:27:15 UTC
33f541f0-563f-5fc5-8e76-b249b18dc12e,5cc223ed-e78d-50c2-bf25-21e7ddd19499,2457638.69675,bh,13.917,0.02332,10.4,0.223,2019-04-16 16:27:23 UTC,2019-04-16 16:27:23 UTC
34e1c7eb-5a69-578e-b4b9-a5d92b404833,5cc223ed-e78d-50c2-bf25-21e7ddd19499,2457523.91836,bh,14.034,0.02418,9.338,0.208,2019-04-16 16:27:23 UTC,2019-04-16 16:27:23 UTC
3551ba99-85d5-54f0-a9b5-102cbc907afa,5cc223ed-e78d-50c2-bf25-21e7ddd19499,2457758.56098,bh,10.598,0.02,221.224,4.071,2019-04-16 16:27:28 UTC,2019-04-16 16:27:28 UTC
35981cbd-591a-5a1b-9be4-8aa133c85644,5cc223ed-e78d-50c2-bf25-21e7ddd19499,2458127.5519,bh,12.488,0.02,38.807,0.714,2019-04-16 16:27:28 UTC,2019-04-16 16:27:28 UTC
374cd53c-c224-559f-a4d8-c0ecc430be54,5cc223ed-e78d-50c2-bf25-21e7ddd19499,2458029.67608,bh,14.312,0.02703,7.232,0.18,2019-04-16 16:27:24 UTC,2019-04-16 16:27:24 UTC
3936e0a8-7f03-55b4-a854-4453202f5298,5cc223ed-e78d-50c2-bf25-21e7ddd19499,2458102.63039,bh,13.653,0.02211,13.264,0.27,2019-04-16 16:27:39 UTC,2019-04-16 16:27:39 UTC
3cec5276-cefc-5233-a857-009faf8ecf26,5cc223ed-e78d-50c2-bf25-21e7ddd19499,2457020.54892,bf,13.06,0.02,30.953,0.57,2019-04-16 16:27:17 UTC,2019-04-16 16:27:17 UTC
3d67964f-1e82-5d7f-acf6-b1e7379eab91,5cc223ed-e78d-50c2-bf25-21e7ddd19499,2458048.61223,bh,14.175,0.02547,8.199,0.192,2019-04-16 16:27:23 UTC,2019-04-16 16:27:23 UTC
3db9a0a9-b549-58c5-924f-a2831dae174f,5cc223ed-e78d-50c2-bf25-21e7ddd19499,2456850.74818,bf,13.644,0.02201,18.082,0.366,2019-04-16 16:27:24 UTC,2019-04-16 16:27:24 UTC
3e33784f-6992-55ca-9cb2-b7e74be3bf86,5cc223ed-e78d-50c2-bf25-21e7ddd19499,2457345.70822,bh,11.433,0.02,102.528,1.887,2019-04-16 16:27:28 UTC,2019-04-16 16:27:28 UTC
3ec519fb-5ab0-5951-9803-1fea705d1a31,5cc223ed-e78d-50c2-bf25-21e7ddd19499,2457034.53543,bf,13.416,0.02296,22.284,0.471,2019-04-16 16:27:41 UTC,2019-04-16 16:27:41 UTC
41ade46c-e0e8-54e1-9f2d-f275cc3e733b,5cc223ed-e78d-50c2-bf25-21e7ddd19499,2457283.84608,bh,12.698,0.02,31.973,0.588,2019-04-16 16:27:43 UTC,2019-04-16 16:27:43 UTC
42074b83-8e7d-5b75-9bde-629c792deba8,5cc223ed-e78d-50c2-bf25-21e7ddd19499,2457297.54118,bh,11.179,0.02,129.567,2.384,2019-04-16 16:27:23 UTC,2019-04-16 16:27:23 UTC
4222b889-0a55-5a81-b5e3-05f2e37d718a,5cc223ed-e78d-50c2-bf25-21e7ddd19499,2457695.68729,bh,12.282,0.02,46.873,0.862,2019-04-16 16:27:27 UTC,2019-04-16 16:27:27 UTC
429e19bb-aa9e-5459-b022-ab91e25113be,5cc223ed-e78d-50c2-bf25-21e7ddd19499,2457365.58533,bh,11.842,0.02,70.356,1.295,2019-04-16 16:27:45 UTC,2019-04-16 16:27:45 UTC
42a117ee-282e-514e-851c-958afbc0566f,5cc223ed-e78d-50c2-bf25-21e7ddd19499,2457004.56028,bf,12.9,0.02,35.824,0.659,2019-04-16 16:27:30 UTC,2019-04-16 16:27:30 UTC
43a00bea-9a74-5e1d-86dd-6954e0c5179e,5cc223ed-e78d-50c2-bf25-21e7ddd19499,2456888.7475,bf,10.59,0.02,300.757,5.534,2019-04-16 16:27:39 UTC,2019-04-16 16:27:39 UTC
43ce7e98-b114-5711-a61e-523f91c32c57,5cc223ed-e78d-50c2-bf25-21e7ddd19499,2457619.71222,bh,13.524,0.02188,14.941,0.301,2019-04-16 16:27:23 UTC,2019-04-16 16:27:23 UTC
44ef40b2-26de-5c5d-a21b-0e37bb5afc30,5cc223ed-e78d-50c2-bf25-21e7ddd19499,2456878.74683,bf,10.568,0.02,306.87,5.646,2019-04-16 16:27:34 UTC,2019-04-16 16:27:34 UTC
4529f5c1-85d5-505c-b20d-5f0896bfa1aa,5cc223ed-e78d-50c2-bf25-21e7ddd19499,2456973.60349,bf,12.3,0.02,62.338,1.147,2019-04-16 16:27:45 UTC,2019-04-16 16:27:45 UTC
4815c896-4d01-5c58-bde7-3cf1bd2627f9,5cc223ed-e78d-50c2-bf25-21e7ddd19499,2456847.77298,bf,13.757,0.02185,16.279,0.327,2019-04-16 16:27:28 UTC,2019-04-16 16:27:28 UTC
485b89c7-4a1b-5606-ace4-ef33f2575ca3,5cc223ed-e78d-50c2-bf25-21e7ddd19499,2458014.76834,bh,14.394,0.02812,6.703,0.173,2019-04-16 16:27:47 UTC,2019-04-16 16:27:47 UTC
4aeb8b6f-0139-5e93-9ee8-b0202502f90f,5cc223ed-e78d-50c2-bf25-21e7ddd19499,2457156.90788,bf,15.298,0.03953,3.937,0.143,2019-04-16 16:27:28 UTC,2019-04-16 16:27:28 UTC
4b11211f-ba1f-5507-90ec-70c50453b549,5cc223ed-e78d-50c2-bf25-21e7ddd19499,2458092.65261,bh,14.016,0.02403,9.499,0.21,2019-04-16 16:27:45 UTC,2019-04-16 16:27:45 UTC
4b645ff6-751c-5b7f-973c-5b7bfa4af420,5cc223ed-e78d-50c2-bf25-21e7ddd19499,2457630.88699,bh,14.814,0.03568,4.553,0.149,2019-04-16 16:27:23 UTC,2019-04-16 16:27:23 UTC
4c39fbd6-9f59-5b06-a673-c245c5375e56,5cc223ed-e78d-50c2-bf25-21e7ddd19499,2457147.91424,bf,15.47,0.04441,3.364,0.137,2019-04-16 16:27:34 UTC,2019-04-16 16:27:34 UTC
4cac4d22-1ec9-5afd-9e78-978c1866e117,5cc223ed-e78d-50c2-bf25-21e7ddd19499,2458240.92328,bh,12.401,0.02,42.019,0.773,2019-04-16 16:27:27 UTC,2019-04-16 16:27:27 UTC
5222a540-2382-559b-a00f-eb8c65b4f832,5cc223ed-e78d-50c2-bf25-21e7ddd19499,2458363.77475,bh,15.187,99.99,0.991,0.646,2019-04-16 16:27:28 UTC,2019-04-16 16:27:28 UTC
5729190a-af9a-5b93-882c-f03cbd6f6044,5cc223ed-e78d-50c2-bf25-21e7ddd19499,2457874.91983,bh,12.861,0.02,27.514,0.506,2019-04-16 16:27:18 UTC,2019-04-16 16:27:18 UTC
57e17ca4-0e7b-5de8-a0ac-5c7614f5a80b,5cc223ed-e78d-50c2-bf25-21e7ddd19499,2457704.61757,bh,11.33,0.02,112.745,2.075,2019-04-16 16:27:54 UTC,2019-04-16 16:27:54 UTC
58680b7f-6532-5666-8f1d-a1100debeffd,5cc223ed-e78d-50c2-bf25-21e7ddd19499,2457363.57769,bh,11.808,0.02,72.53,1.335,2019-04-16 16:27:27 UTC,2019-04-16 16:27:27 UTC
589ac662-c2ad-5e44-a65b-2dade59268f2,5cc223ed-e78d-50c2-bf25-21e7ddd19499,2457173.8674,bf,15.321,0.04014,3.854,0.142,2019-04-16 16:27:43 UTC,2019-04-16 16:27:43 UTC
5947adfc-f35c-5bfc-8fb5-3e1a66c0db28,5cc223ed-e78d-50c2-bf25-21e7ddd19499,2458308.79522,bh,13.32,0.022,18.019,0.365,2019-04-16 16:27:14 UTC,2019-04-16 16:27:14 UTC
5965c6bd-1824-5a43-96e1-b65e30a47692,5cc223ed-e78d-50c2-bf25-21e7ddd19499,2457386.55657,bh,12.273,0.02,47.283,0.87,2019-04-16 16:27:39 UTC,2019-04-16 16:27:39 UTC
5d76399d-0794-5ceb-ad55-56b565fc0ae6,5cc223ed-e78d-50c2-bf25-21e7ddd19499,2457317.53893,bh,10.819,0.02,180.461,3.32,2019-04-16 16:27:27 UTC,2019-04-16 16:27:27 UTC
5dabfd37-1888-525a-be9c-312f73605695,5cc223ed-e78d-50c2-bf25-21e7ddd19499,2457617.65386,bh,14.147,0.02519,8.419,0.195,2019-04-16 16:27:55 UTC,2019-04-16 16:27:55 UTC
5db0b933-fbe9-52fd-a4fe-7722b6788839,5cc223ed-e78d-50c2-bf25-21e7ddd19499,2457982.6992,bh,14.536,0.03028,5.882,0.164,2019-04-16 16:27:43 UTC,2019-04-16 16:27:43 UTC
5e3ff952-9eda-5e29-b88e-f8b6fa6bdc3f,5cc223ed-e78d-50c2-bf25-21e7ddd19499,2457268.69784,bf,14.15,0.02279,11.337,0.238,2019-04-16 16:27:18 UTC,2019-04-16 16:27:18 UTC
5ed8179f-a0db-50b5-aa4a-c66e6b5f5a67,5cc223ed-e78d-50c2-bf25-21e7ddd19499,2457389.54506,bh,12.389,0.02,42.507,0.782,2019-04-16 16:27:28 UTC,2019-04-16 16:27:28 UTC
5ee665d1-4a08-5694-b6df-1acf840e71dc,5cc223ed-e78d-50c2-bf25-21e7ddd19499,2457292.8267,bh,11.621,0.02,86.176,1.586,2019-04-16 16:27:20 UTC,2019-04-16 16:27:20 UTC
5f49e4ec-9c0a-5b95-a760-cf5d87b4a94f,5cc223ed-e78d-50c2-bf25-21e7ddd19499,2457261.61746,bh,14.063,0.02442,9.093,0.204,2019-04-16 16:27:43 UTC,2019-04-16 16:27:43 UTC
6398685f-d694-5430-a663-92fede0b1fc3,5cc223ed-e78d-50c2-bf25-21e7ddd19499,2458365.75069,bh,14.079,0.02456,8.957,0.202,2019-04-16 16:27:24 UTC,2019-04-16 16:27:24 UTC
661e2ac4-0c48-5e00-968d-c4f39b3cb84c,5cc223ed-e78d-50c2-bf25-21e7ddd19499,2457318.69263,bh,10.829,0.02,178.839,3.291,2019-04-16 16:27:39 UTC,2019-04-16 16:27:39 UTC
66f67c47-76b4-5cde-b329-cfc7c255f066,5cc223ed-e78d-50c2-bf25-21e7ddd19499,2458074.64607,bh,14.189,0.02562,8.099,0.191,2019-04-16 16:27:54 UTC,2019-04-16 16:27:54 UTC
674bc2df-cab0-56af-9b9a-eb58f2057c5e,5cc223ed-e78d-50c2-bf25-21e7ddd19499,2456927.67595,bf,11.252,0.02,163.644,3.011,2019-04-16 16:27:20 UTC,2019-04-16 16:27:20 UTC
67691989-1c93-5199-97c5-8fd30b57610e,5cc223ed-e78d-50c2-bf25-21e7ddd19499,2458069.64329,bh,13.975,0.02372,9.86,0.215,2019-04-16 16:27:54 UTC,2019-04-16 16:27:54 UTC
6b0c8c2c-af8c-5943-adb7-d3279d75b98e,5cc223ed-e78d-50c2-bf25-21e7ddd19499,2457952.89535,bh,14.155,0.02527,8.358,0.194,2019-04-16 16:27:26 UTC,2019-04-16 16:27:26 UTC
6b0e117a-6105-5d76-8daf-6f82ee004627,5cc223ed-e78d-50c2-bf25-21e7ddd19499,2457641.61209,bh,13.454,0.02185,15.937,0.32,2019-04-16 16:27:28 UTC,2019-04-16 16:27:28 UTC
6b1e188a-413c-561e-bc57-67807899c992,5cc223ed-e78d-50c2-bf25-21e7ddd19499,2458034.65906,bh,14.082,0.02458,8.937,0.202,2019-04-16 16:27:22 UTC,2019-04-16 16:27:22 UTC
6ba7d1cb-1be4-557a-8d92-ff23dee5cee0,5cc223ed-e78d-50c2-bf25-21e7ddd19499,2457557.80626,bh,15.187,99.99,3.158,0.646,2019-04-16 16:27:54 UTC,2019-04-16 16:27:54 UTC
6d061b29-050b-5470-8a28-b2e513ca6c84,5cc223ed-e78d-50c2-bf25-21e7ddd19499,2457756.56109,bh,10.548,0.02,231.609,4.262,2019-04-16 16:27:15 UTC,2019-04-16 16:27:15 UTC
6de090d1-5bd9-5097-9f4d-ddac1f37cda3,5cc223ed-e78d-50c2-bf25-21e7ddd19499,2457683.78389,bh,12.929,0.02,25.849,0.476,2019-04-16 16:27:15 UTC,2019-04-16 16:27:15 UTC
6f792663-c95b-539c-859e-83c5cbd63b0f,5cc223ed-e78d-50c2-bf25-21e7ddd19499,2458012.76445,bh,13.895,0.02319,10.616,0.226,2019-04-16 16:27:15 UTC,2019-04-16 16:27:15 UTC
70e40faf-e3f1-52a2-8316-459613e15d3c,5cc223ed-e78d-50c2-bf25-21e7ddd19499,2457648.80613,bh,13.765,0.02251,11.968,0.248,2019-04-16 16:27:14 UTC,2019-04-16 16:27:14 UTC
72f56c37-451c-5ce1-99b9-35648af8b196,5cc223ed-e78d-50c2-bf25-21e7ddd19499,2457749.58784,bh,10.422,0.02,260.112,4.786,2019-04-16 16:27:14 UTC,2019-04-16 16:27:14 UTC
73453369-4243-5960-9fff-d805e49ecd22,5cc223ed-e78d-50c2-bf25-21e7ddd19499,2457193.83413,bf,13.916,0.02197,14.061,0.284,2019-04-16 16:27:23 UTC,2019-04-16 16:27:23 UTC
73ffb156-5888-5991-94de-512e76b2673f,5cc223ed-e78d-50c2-bf25-21e7ddd19499,2458121.57205,bh,12.847,0.02,27.879,0.513,2019-04-16 16:27:54 UTC,2019-04-16 16:27:54 UTC
749a4a4a-7f4a-5152-8184-0b9c59d6a1a5,5cc223ed-e78d-50c2-bf25-21e7ddd19499,2457198.84995,bf,14.612,0.02671,7.404,0.182,2019-04-16 16:27:23 UTC,2019-04-16 16:27:23 UTC
74b9eade-1e61-596a-998d-f9cadd85afde,5cc223ed-e78d-50c2-bf25-21e7ddd19499,2457708.69512,bh,10.994,0.02,153.591,2.826,2019-04-16 16:27:15 UTC,2019-04-16 16:27:15 UTC
78aaa612-f617-58fb-aa16-ea21387d17ad,5cc223ed-e78d-50c2-bf25-21e7ddd19499,2457327.6103,bh,11.001,0.02,152.638,2.809,2019-04-16 16:27:39 UTC,2019-04-16 16:27:39 UTC
7a7f316e-ae3d-54b1-8a23-56eac136ced0,5cc223ed-e78d-50c2-bf25-21e7ddd19499,2456794.89221,bf,13.93,0.02199,13.883,0.281,2019-04-16 16:27:23 UTC,2019-04-16 16:27:23 UTC
7b9d63e5-3ec2-5b0d-94ab-87f1984a2f12,5cc223ed-e78d-50c2-bf25-21e7ddd19499,2457166.87476,bf,15.333,0.04046,3.812,0.142,2019-04-16 16:27:30 UTC,2019-04-16 16:27:30 UTC
7d781b04-0a3b-5bf6-9ddb-486129379f15,5cc223ed-e78d-50c2-bf25-21e7ddd19499,2457671.53662,bh,13.338,0.02196,17.726,0.358,2019-04-16 16:27:15 UTC,2019-04-16 16:27:15 UTC
7e2f24d8-d644-5769-8751-3dc9196ec3ee,5cc223ed-e78d-50c2-bf25-21e7ddd19499,2457271.66157,bh,13.849,0.02292,11.074,0.233,2019-04-16 16:27:22 UTC,2019-04-16 16:27:22 UTC
7f1855be-fa65-523d-a7e4-43986d7afce1,5cc223ed-e78d-50c2-bf25-21e7ddd19499,2456896.73255,bf,10.574,0.02,305.634,5.624,2019-04-16 16:27:22 UTC,2019-04-16 16:27:22 UTC
7ff9f5a3-6055-54ac-b9f8-06ae4681ce76,5cc223ed-e78d-50c2-bf25-21e7ddd19499,2457974.77556,bh,14.469,0.02921,6.259,0.168,2019-04-16 16:27:17 UTC,2019-04-16 16:27:17 UTC
8027b613-1459-5755-9e44-349526f1654a,5cc223ed-e78d-50c2-bf25-21e7ddd19499,2457605.82362,bh,13.874,0.02306,10.82,0.23,2019-04-16 16:27:41 UTC,2019-04-16 16:27:41 UTC
80c2314b-2d32-5f83-adef-967acf68dd29,5cc223ed-e78d-50c2-bf25-21e7ddd19499,2457917.82071,bh,13.612,0.02201,13.774,0.279,2019-04-16 16:27:15 UTC,2019-04-16 16:27:15 UTC
83511691-413d-52da-9426-30af254fa4e2,5cc223ed-e78d-50c2-bf25-21e7ddd19499,2458005.6373,bh,14.413,0.02839,6.588,0.172,2019-04-16 16:27:15 UTC,2019-04-16 16:27:15 UTC
83f9823b-c37b-5ebc-b01c-55d0ef20573a,5cc223ed-e78d-50c2-bf25-21e7ddd19499,2457151.90385,bf,15.598,0.04859,2.989,0.134,2019-04-16 16:27:15 UTC,2019-04-16 16:27:15 UTC
8451fd81-19b0-5c71-ad87-90550bc4a274,5cc223ed-e78d-50c2-bf25-21e7ddd19499,2457663.6753,bh,13.626,0.02204,13.6,0.276,2019-04-16 16:27:28 UTC,2019-04-16 16:27:28 UTC
85d8f017-fa45-5de5-bbe4-130af137f351,5cc223ed-e78d-50c2-bf25-21e7ddd19499,2457230.69169,bf,14.23,0.02323,10.538,0.225,2019-04-16 16:27:39 UTC,2019-04-16 16:27:39 UTC
85fe1aa1-2940-5fa4-8f0c-ebb893515987,5cc223ed-e78d-50c2-bf25-21e7ddd19499,2458120.57628,bh,12.84,0.02,28.046,0.516,2019-04-16 16:27:22 UTC,2019-04-16 16:27:22 UTC
8648f082-622d-5d0d-b516-a308d3afc62f,5cc223ed-e78d-50c2-bf25-21e7ddd19499,2457175.8496,bf,15.471,0.04447,3.356,0.137,2019-04-16 16:27:27 UTC,2019-04-16 16:27:27 UTC
87195b0f-ae90-5a8f-b81f-b3010a811f1a,5cc223ed-e78d-50c2-bf25-21e7ddd19499,2458125.548,bh,12.594,0.02,35.179,0.647,2019-04-16 16:27:30 UTC,2019-04-16 16:27:30 UTC
87bca01c-9bb5-5b83-9d93-948f1a7688c6,5cc223ed-e78d-50c2-bf25-21e7ddd19499,2457610.68488,bh,14.717,0.03361,4.977,0.154,2019-04-16 16:27:55 UTC,2019-04-16 16:27:55 UTC
87d5c747-3e52-5414-bcd3-39f35df87980,5cc223ed-e78d-50c2-bf25-21e7ddd19499,2458087.65452,bh,14.029,0.02414,9.384,0.208,2019-04-16 16:27:47 UTC,2019-04-16 16:27:47 UTC
87d93493-3e01-5085-87a9-29415ef6a562,5cc223ed-e78d-50c2-bf25-21e7ddd19499,2458366.75112,bh,14.539,0.03033,5.864,0.164,2019-04-16 16:27:28 UTC,2019-04-16 16:27:28 UTC
893cf04b-4a0e-5932-8f13-0ec31f43caa5,5cc223ed-e78d-50c2-bf25-21e7ddd19499,2456864.78997,bf,11.948,0.02,86.159,1.585,2019-04-16 16:27:55 UTC,2019-04-16 16:27:55 UTC
8a145080-5173-5e41-a4f8-5107b9f9e8d2,5cc223ed-e78d-50c2-bf25-21e7ddd19499,2456985.5882,bf,12.512,0.02,51.295,0.944,2019-04-16 16:27:34 UTC,2019-04-16 16:27:34 UTC
8c90b4b3-c6b1-5327-a169-6d4f59e78758,5cc223ed-e78d-50c2-bf25-21e7ddd19499,2457903.93861,bh,13.337,0.02196,17.741,0.359,2019-04-16 16:27:41 UTC,2019-04-16 16:27:41 UTC
8cbff769-1e35-598e-84a6-2140013dd806,5cc223ed-e78d-50c2-bf25-21e7ddd19499,2457753.57692,bh,10.46,0.02,251.051,4.619,2019-04-16 16:27:22 UTC,2019-04-16 16:27:22 UTC
8e430d75-c2e7-5365-81f2-049e9ff6e598,5cc223ed-e78d-50c2-bf25-21e7ddd19499,2458053.61979,bh,14.111,0.02485,8.701,0.199,2019-04-16 16:27:28 UTC,2019-04-16 16:27:28 UTC
9226e83e-ecd8-5eed-8cfd-01f93c880025,5cc223ed-e78d-50c2-bf25-21e7ddd19499,2457609.82544,bh,14.594,0.03127,5.576,0.16,2019-04-16 16:27:39 UTC,2019-04-16 16:27:39 UTC
923c626c-c250-5fb1-a3da-f9202926a116,5cc223ed-e78d-50c2-bf25-21e7ddd19499,2457560.7992,bh,14.761,0.03452,4.781,0.152,2019-04-16 16:27:30 UTC,2019-04-16 16:27:30 UTC
94a5526e-d915-551f-884f-1440baa69a33,5cc223ed-e78d-50c2-bf25-21e7ddd19499,2457013.54994,bf,13.056,0.02,31.032,0.571,2019-04-16 16:27:34 UTC,2019-04-16 16:27:34 UTC
95c1fc34-8d08-512b-a3ed-3dd2066506e3,5cc223ed-e78d-50c2-bf25-21e7ddd19499,2458017.7089,bh,13.822,0.02278,11.349,0.238,2019-04-16 16:27:14 UTC,2019-04-16 16:27:14 UTC
95ca4445-af8c-5e7a-ba26-1fb4adcd08de,5cc223ed-e78d-50c2-bf25-21e7ddd19499,2457670.49395,bh,13.295,0.02206,18.439,0.374,2019-04-16 16:27:26 UTC,2019-04-16 16:27:26 UTC
9662ac84-0b06-5b9b-8d71-09b7b29a3d47,5cc223ed-e78d-50c2-bf25-21e7ddd19499,2457911.83469,bh,13.53,0.02188,14.854,0.299,2019-04-16 16:27:54 UTC,2019-04-16 16:27:54 UTC
9787a059-e45a-5fa7-b89b-cbacd5e8a4ba,5cc223ed-e78d-50c2-bf25-21e7ddd19499,2457942.75575,bh,14.051,0.02432,9.192,0.206,2019-04-16 16:27:26 UTC,2019-04-16 16:27:26 UTC
981d5769-f5e9-58ea-94db-1459c5cc6543,5cc223ed-e78d-50c2-bf25-21e7ddd19499,2456876.66644,bf,10.602,0.02,297.546,5.475,2019-04-16 16:27:15 UTC,2019-04-16 16:27:15 UTC
9a00a545-6b35-5d3d-9fec-1f049f5df7d0,5cc223ed-e78d-50c2-bf25-21e7ddd19499,2457550.83904,bh,14.426,0.02857,6.51,0.171,2019-04-16 16:27:20 UTC,2019-04-16 16:27:20 UTC
9ae77ee4-d7dd-5079-909a-0f809656f611,5cc223ed-e78d-50c2-bf25-21e7ddd19499,2457022.57184,bf,13.131,0.02,28.957,0.533,2019-04-16 16:27:15 UTC,2019-04-16 16:27:15 UTC
9af19a5c-2978-53f7-8e6f-155267ad6ba2,5cc223ed-e78d-50c2-bf25-21e7ddd19499,2457657.77213,bh,13.301,0.02204,18.34,0.372,2019-04-16 16:27:54 UTC,2019-04-16 16:27:54 UTC
9b367edd-f852-5714-8e96-15addd951e4a,5cc223ed-e78d-50c2-bf25-21e7ddd19499,2457276.64956,bh,13.029,0.02338,23.57,0.507,2019-04-16 16:27:47 UTC,2019-04-16 16:27:47 UTC
9b466421-5cd4-53be-bf38-ed6ab020517d,5cc223ed-e78d-50c2-bf25-21e7ddd19499,2457985.72916,bh,14.217,0.02592,7.891,0.188,2019-04-16 16:27:45 UTC,2019-04-16 16:27:45 UTC
9e17f6c8-5cf2-5a82-bb3d-b06efd1032bf,5cc223ed-e78d-50c2-bf25-21e7ddd19499,2457546.83467,bh,14.787,0.03508,4.669,0.151,2019-04-16 16:27:43 UTC,2019-04-16 16:27:43 UTC
9e96bef9-66d7-5e89-809a-d5667fd3d4f4,5cc223ed-e78d-50c2-bf25-21e7ddd19499,2457684.71301,bh,12.829,0.02,28.336,0.521,2019-04-16 16:27:14 UTC,2019-04-16 16:27:14 UTC
9e98008b-b736-5af6-a98d-0640ca1a8b25,5cc223ed-e78d-50c2-bf25-21e7ddd19499,2457355.68014,bh,11.65,0.02,83.946,1.545,2019-04-16 16:27:28 UTC,2019-04-16 16:27:28 UTC
9fd26a3a-dff6-5fab-a407-db113cf4a947,5cc223ed-e78d-50c2-bf25-21e7ddd19499,2457401.53525,bh,12.554,0.02,36.512,0.672,2019-04-16 16:27:27 UTC,2019-04-16 16:27:27 UTC
a0ce7c84-4071-5cd2-b8f2-03b603187bab,5cc223ed-e78d-50c2-bf25-21e7ddd19499,2458000.71009,bh,14.278,0.02662,7.456,0.183,2019-04-16 16:27:54 UTC,2019-04-16 16:27:54 UTC
a0d5a6a9-407e-59e6-b9a0-497fe45b57d8,5cc223ed-e78d-50c2-bf25-21e7ddd19499,2457394.55246,bh,12.467,0.02,39.547,0.728,2019-04-16 16:27:15 UTC,2019-04-16 16:27:15 UTC
a14d3668-7cc0-56c1-b64b-e9ad1d457e48,5cc223ed-e78d-50c2-bf25-21e7ddd19499,2457336.66101,bh,11.21,0.02,125.916,2.317,2019-04-16 16:27:14 UTC,2019-04-16 16:27:14 UTC
a2b68596-ab3b-525f-9eed-817bf208e353,5cc223ed-e78d-50c2-bf25-21e7ddd19499,2458021.61778,bh,14.292,0.02679,7.362,0.181,2019-04-16 16:27:28 UTC,2019-04-16 16:27:28 UTC
a32c7cfc-ff45-5acc-91a7-3b8613a4b391,5cc223ed-e78d-50c2-bf25-21e7ddd19499,2457626.73063,bh,14.235,0.02612,7.762,0.187,2019-04-16 16:27:34 UTC,2019-04-16 16:27:34 UTC
a47c06bb-149f-54d2-8e73-6ad67eab0d98,5cc223ed-e78d-50c2-bf25-21e7ddd19499,2457308.72145,bh,10.798,0.02,184.033,3.386,2019-04-16 16:27:23 UTC,2019-04-16 16:27:23 UTC
a5be1441-0b70-5414-9947-ae16ecc35269,5cc223ed-e78d-50c2-bf25-21e7ddd19499,2456943.6459,bf,11.69,0.02,109.255,2.01,2019-04-16 16:27:28 UTC,2019-04-16 16:27:28 UTC
a8011c2c-5345-507c-a886-7e2ec9db1bf2,5cc223ed-e78d-50c2-bf25-21e7ddd19499,2457744.5518,bh,10.308,0.02,288.747,5.313,2019-04-16 16:27:54 UTC,2019-04-16 16:27:54 UTC
a87377fc-f2bb-5d52-82ef-8731909fbb47,5cc223ed-e78d-50c2-bf25-21e7ddd19499,2458359.8982,bh,15.162,99.99,2.114,0.661,2019-04-16 16:27:30 UTC,2019-04-16 16:27:30 UTC
a947ac5a-68b2-5131-b135-19b3443771fd,5cc223ed-e78d-50c2-bf25-21e7ddd19499,2457943.75219,bh,13.935,0.02344,10.231,0.221,2019-04-16 16:27:34 UTC,2019-04-16 16:27:34 UTC
aa1f59ff-ebb0-5101-a9e3-e199f46e4903,5cc223ed-e78d-50c2-bf25-21e7ddd19499,2458007.64229,bh,14.437,0.02873,6.441,0.17,2019-04-16 16:27:54 UTC,2019-04-16 16:27:54 UTC
ab326942-6a6d-52c0-9717-29333179df58,5cc223ed-e78d-50c2-bf25-21e7ddd19499,2456919.68921,bf,11.066,0.02,194.078,3.571,2019-04-16 16:27:18 UTC,2019-04-16 16:27:18 UTC
ac233d69-54f3-5175-a242-57014d7335ea,5cc223ed-e78d-50c2-bf25-21e7ddd19499,2457293.66044,bh,11.515,0.02,95.014,1.748,2019-04-16 16:27:28 UTC,2019-04-16 16:27:28 UTC
ada7e6e5-a1ca-5719-b056-ca399951b86c,5cc223ed-e78d-50c2-bf25-21e7ddd19499,2457374.62518,bh,12.009,0.02,60.272,1.109,2019-04-16 16:27:22 UTC,2019-04-16 16:27:22 UTC
afd21a9d-52ce-51ee-9748-2babca153775,5cc223ed-e78d-50c2-bf25-21e7ddd19499,2457313.73555,bh,10.778,0.02,187.433,3.449,2019-04-16 16:27:23 UTC,2019-04-16 16:27:23 UTC
b0ef79b5-b60f-5c13-a6d2-f6f8427d0a2a,5cc223ed-e78d-50c2-bf25-21e7ddd19499,2456795.87998,bf,13.946,0.02203,13.69,0.277,2019-04-16 16:27:28 UTC,2019-04-16 16:27:28 UTC
b2212000-026d-5b6a-8519-ea7ee4dd3a16,5cc223ed-e78d-50c2-bf25-21e7ddd19499,2457568.90425,bh,14.29,0.02676,7.379,0.182,2019-04-16 16:27:27 UTC,2019-04-16 16:27:27 UTC
b36ce6cc-e998-503f-98be-184fd9f4612a,5cc223ed-e78d-50c2-bf25-21e7ddd19499,2458124.54803,bh,12.66,0.02,33.116,0.609,2019-04-16 16:27:54 UTC,2019-04-16 16:27:54 UTC
b3d6d43a-65ac-5bf3-bec1-3107b48dbf6d,5cc223ed-e78d-50c2-bf25-21e7ddd19499,2458041.52632,bh,14.333,0.0273,7.091,0.178,2019-04-16 16:27:14 UTC,2019-04-16 16:27:14 UTC
b417d966-5f30-5bcb-9348-2e0139098c86,5cc223ed-e78d-50c2-bf25-21e7ddd19499,2457586.75193,bh,14.49,0.02954,6.138,0.167,2019-04-16 16:27:47 UTC,2019-04-16 16:27:47 UTC
b4a59fd9-24dd-59f2-ba24-61a8550b1c4d,5cc223ed-e78d-50c2-bf25-21e7ddd19499,2458045.64496,bh,14.394,0.02812,6.704,0.173,2019-04-16 16:27:23 UTC,2019-04-16 16:27:23 UTC
b542f2c1-731e-59de-af5a-6ceae66de1b1,5cc223ed-e78d-50c2-bf25-21e7ddd19499,2457924.83653,bh,13.705,0.02227,12.643,0.259,2019-04-16 16:27:22 UTC,2019-04-16 16:27:22 UTC
b5854f1f-9708-5738-bcd4-0097ab413f95,5cc223ed-e78d-50c2-bf25-21e7ddd19499,2457286.83714,bh,12.27,0.02,47.409,0.872,2019-04-16 16:27:28 UTC,2019-04-16 16:27:28 UTC
b5e3a5ac-69bc-5d2a-85a2-6a349d29b689,5cc223ed-e78d-50c2-bf25-21e7ddd19499,2457698.70874,bh,11.953,0.02,63.495,1.168,2019-04-16 16:27:34 UTC,2019-04-16 16:27:34 UTC
b60ad66d-0bce-5ca1-85e7-db7b3baace3d,5cc223ed-e78d-50c2-bf25-21e7ddd19499,2457966.68906,bh,14.321,0.02715,7.169,0.179,2019-04-16 16:27:23 UTC,2019-04-16 16:27:23 UTC
b7bee27d-abb3-5616-a5c0-1851e608647b,5cc223ed-e78d-50c2-bf25-21e7ddd19499,2457398.54374,bh,12.464,0.02,39.65,0.73,2019-04-16 16:27:14 UTC,2019-04-16 16:27:14 UTC
b8c4d776-e73e-5318-ad50-826f80289f14,5cc223ed-e78d-50c2-bf25-21e7ddd19499,2458104.5654,bh,13.885,0.02312,10.712,0.228,2019-04-16 16:27:34 UTC,2019-04-16 16:27:34 UTC
b9005075-ebe0-5857-9b48-5d16c1b812e4,5cc223ed-e78d-50c2-bf25-21e7ddd19499,2458309.75956,bh,13.331,0.02198,17.841,0.361,2019-04-16 16:27:34 UTC,2019-04-16 16:27:34 UTC
b98224d7-c6dc-5453-a3e6-45dabebd93a3,5cc223ed-e78d-50c2-bf25-21e7ddd19499,2458133.5317,bh,11.967,0.02,62.687,1.153,2019-04-16 16:27:54 UTC,2019-04-16 16:27:54 UTC
bbc4dd1e-7919-5bf2-acbf-931fffba6544,5cc223ed-e78d-50c2-bf25-21e7ddd19499,2457914.8315,bh,13.595,0.02198,13.997,0.283,2019-04-16 16:27:43 UTC,2019-04-16 16:27:43 UTC
bc731905-2c5b-5bda-96ac-457a11657d56,5cc223ed-e78d-50c2-bf25-21e7ddd19499,2456955.62121,bf,11.958,0.02,85.443,1.572,2019-04-16 16:27:28 UTC,2019-04-16 16:27:28 UTC
bcc56559-bbb8-56c1-b9a5-a7178715d3ef,5cc223ed-e78d-50c2-bf25-21e7ddd19499,2456791.91908,bf,14.028,0.02226,12.684,0.26,2019-04-16 16:27:17 UTC,2019-04-16 16:27:17 UTC
bdbe0589-02b6-536b-a231-b081ce3fb104,5cc223ed-e78d-50c2-bf25-21e7ddd19499,2458047.63444,bh,14.349,0.02751,6.986,0.177,2019-04-16 16:27:15 UTC,2019-04-16 16:27:15 UTC
bed85cb8-5ddd-5733-9683-be55ff586d34,5cc223ed-e78d-50c2-bf25-21e7ddd19499,2458383.63326,bh,14.217,0.02592,7.887,0.188,2019-04-16 16:27:54 UTC,2019-04-16 16:27:54 UTC
c0cd7d4e-ab1a-5d63-9840-ac8d54acc244,5cc223ed-e78d-50c2-bf25-21e7ddd19499,2457710.70052,bh,10.871,0.02,172.046,3.166,2019-04-16 16:27:30 UTC,2019-04-16 16:27:30 UTC
c14873ff-fb50-5371-a042-1fef7b2ba2cd,5cc223ed-e78d-50c2-bf25-21e7ddd19499,2456889.74421,bf,10.568,0.02,306.931,5.648,2019-04-16 16:27:24 UTC,2019-04-16 16:27:24 UTC
c180aee1-f90d-5ec5-94a9-7d7f1c266212,5cc223ed-e78d-50c2-bf25-21e7ddd19499,2457947.90102,bh,13.708,0.02228,12.616,0.259,2019-04-16 16:27:22 UTC,2019-04-16 16:27:22 UTC
c21f19c1-3e00-593a-9861-568fca32c021,5cc223ed-e78d-50c2-bf25-21e7ddd19499,2458310.87717,bh,13.517,0.02187,15.032,0.302,2019-04-16 16:27:43 UTC,2019-04-16 16:27:43 UTC
c2e00324-3d5e-5a90-9eeb-77247b793191,5cc223ed-e78d-50c2-bf25-21e7ddd19499,2458037.66459,bh,13.77,0.02253,11.914,0.247,2019-04-16 16:27:20 UTC,2019-04-16 16:27:20 UTC
c604bbbd-9eed-54c7-b18a-72fcfcca0e34,5cc223ed-e78d-50c2-bf25-21e7ddd19499,2457635.63088,bh,13.898,0.0232,10.583,0.226,2019-04-16 16:27:28 UTC,2019-04-16 16:27:28 UTC
c840b5a9-f5a6-5f24-b94f-4a040556d370,5cc223ed-e78d-50c2-bf25-21e7ddd19499,2456789.89368,bf,14.016,0.02222,12.817,0.262,2019-04-16 16:27:28 UTC,2019-04-16 16:27:28 UTC
ca33e38b-7a94-505f-84d1-d6c34fe38763,5cc223ed-e78d-50c2-bf25-21e7ddd19499,2457329.6493,bh,11.037,0.02,147.664,2.717,2019-04-16 16:27:47 UTC,2019-04-16 16:27:47 UTC
caef1a32-7400-5e1b-bda4-dc9eab776829,5cc223ed-e78d-50c2-bf25-21e7ddd19499,2456932.59376,bf,11.375,0.02,145.984,2.686,2019-04-16 16:27:34 UTC,2019-04-16 16:27:34 UTC
cc927415-35bf-5cdd-b472-06664e12c092,5cc223ed-e78d-50c2-bf25-21e7ddd19499,2457530.87734,bh,14.33,0.02726,7.114,0.178,2019-04-16 16:27:24 UTC,2019-04-16 16:27:24 UTC
ceca9cc6-fc99-5c59-a6ca-d6d216c2a4e8,5cc223ed-e78d-50c2-bf25-21e7ddd19499,2458010.66884,bh,14.525,0.0301,5.944,0.165,2019-04-16 16:27:23 UTC,2019-04-16 16:27:23 UTC
cf19e1cd-28fe-59ec-8a5c-2686134ff2fa,5cc223ed-e78d-50c2-bf25-21e7ddd19499,2457278.63263,bh,13.13,0.02272,21.476,0.449,2019-04-16 16:27:28 UTC,2019-04-16 16:27:28 UTC
cfb494ce-8d25-5d50-b813-e969c23517f3,5cc223ed-e78d-50c2-bf25-21e7ddd19499,2457879.90979,bh,12.959,0.02,25.131,0.462,2019-04-16 16:27:15 UTC,2019-04-16 16:27:15 UTC
d08b5480-b720-531f-9699-8e4a52afe840,5cc223ed-e78d-50c2-bf25-21e7ddd19499,2457714.66121,bh,10.599,0.02,221.02,4.067,2019-04-16 16:27:15 UTC,2019-04-16 16:27:15 UTC
d2957aa4-5de9-539f-81f4-89b1e839f08a,5cc223ed-e78d-50c2-bf25-21e7ddd19499,2457615.91876,bh,14.808,0.03555,4.579,0.15,2019-04-16 16:27:15 UTC,2019-04-16 16:27:15 UTC
d3505250-33ed-5d41-8bdc-2d2dee9b1f31,5cc223ed-e78d-50c2-bf25-21e7ddd19499,2456926.68545,bf,11.21,0.02,169.958,3.127,2019-04-16 16:27:26 UTC,2019-04-16 16:27:26 UTC
d3a413c5-dd74-5c86-afb5-52a5b129b4f6,5cc223ed-e78d-50c2-bf25-21e7ddd19499,2456833.83619,bf,13.802,0.02185,15.616,0.314,2019-04-16 16:27:17 UTC,2019-04-16 16:27:17 UTC
d4863c2d-f529-51de-8dd0-f69b1ef39804,5cc223ed-e78d-50c2-bf25-21e7ddd19499,2458122.5497,bh,12.817,0.02,28.66,0.527,2019-04-16 16:27:23 UTC,2019-04-16 16:27:23 UTC
d52e8139-a071-595a-b929-1aa8fd4d2391,5cc223ed-e78d-50c2-bf25-21e7ddd19499,2456915.70643,bf,10.972,0.02,211.685,3.895,2019-04-16 16:27:32 UTC,2019-04-16 16:27:32 UTC
d5373c04-c9db-5b01-8d40-9eb61213319a,5cc223ed-e78d-50c2-bf25-21e7ddd19499,2457933.79808,bh,13.91,0.02328,10.466,0.224,2019-04-16 16:27:28 UTC,2019-04-16 16:27:28 UTC
d544cd9c-7837-57d0-b3b9-757d9cb67e50,5cc223ed-e78d-50c2-bf25-21e7ddd19499,2457269.84353,bh,14.195,0.02568,8.053,0.19,2019-04-16 16:27:34 UTC,2019-04-16 16:27:34 UTC
d5e426d2-c6a3-5e6b-9b79-4316324ab4a6,5cc223ed-e78d-50c2-bf25-21e7ddd19499,2457722.6736,bh,10.351,0.02,277.786,5.111,2019-04-16 16:27:47 UTC,2019-04-16 16:27:47 UTC
d5e54426-ddd2-509e-84f4-3be8062f56ea,5cc223ed-e78d-50c2-bf25-21e7ddd19499,2458094.57635,bh,13.951,0.02355,10.077,0.218,2019-04-16 16:27:43 UTC,2019-04-16 16:27:43 UTC
d661b74a-777d-5d6f-98fb-24979200feb1,5cc223ed-e78d-50c2-bf25-21e7ddd19499,2457960.75508,bh,14.162,0.02534,8.302,0.194,2019-04-16 16:27:28 UTC,2019-04-16 16:27:28 UTC
d6e9ed86-4695-5b45-92f0-f2ebefbec1f7,5cc223ed-e78d-50c2-bf25-21e7ddd19499,2458378.72944,bh,14.756,0.03442,4.803,0.152,2019-04-16 16:27:47 UTC,2019-04-16 16:27:47 UTC
d8042c64-1aa7-5937-89f3-569f9bf76195,5cc223ed-e78d-50c2-bf25-21e7ddd19499,2458123.54814,bh,12.785,0.02,29.5,0.543,2019-04-16 16:27:23 UTC,2019-04-16 16:27:23 UTC
d891faaa-60a6-5cb4-a71a-7658cb55874f,5cc223ed-e78d-50c2-bf25-21e7ddd19499,2457356.58119,bh,11.653,0.02,83.688,1.54,2019-04-16 16:27:20 UTC,2019-04-16 16:27:20 UTC
d8e50232-9fba-55fd-ba06-83e7c6bb3ed3,5cc223ed-e78d-50c2-bf25-21e7ddd19499,2458097.53924,bh,13.69,0.02222,12.822,0.262,2019-04-16 16:27:24 UTC,2019-04-16 16:27:24 UTC
d9897579-29df-5494-8b24-5b880eb543cf,5cc223ed-e78d-50c2-bf25-21e7ddd19499,2457277.67111,bh,13.162,0.02256,20.859,0.433,2019-04-16 16:27:54 UTC,2019-04-16 16:27:54 UTC
d99d3263-04c7-5a28-9165-3672ede43770,5cc223ed-e78d-50c2-bf25-21e7ddd19499,2456959.62559,bf,12.051,0.02,78.36,1.442,2019-04-16 16:27:22 UTC,2019-04-16 16:27:22 UTC
da4acfd2-e356-57ef-90a0-9303531a4352,5cc223ed-e78d-50c2-bf25-21e7ddd19499,2456930.5399,bf,11.359,0.02,148.212,2.727,2019-04-16 16:27:22 UTC,2019-04-16 16:27:22 UTC
dc2f1545-98d6-5610-aa0d-8adef706d0da,5cc223ed-e78d-50c2-bf25-21e7ddd19499,2457318.58407,bh,10.84,0.02,177.043,3.258,2019-04-16 16:27:17 UTC,2019-04-16 16:27:17 UTC
dca1a340-a193-502e-94b3-9f3073406d03,5cc223ed-e78d-50c2-bf25-21e7ddd19499,2456980.59514,bf,12.416,0.02,55.964,1.03,2019-04-16 16:27:24 UTC,2019-04-16 16:27:24 UTC
de172b78-084f-5841-b59f-7d48db350635,5cc223ed-e78d-50c2-bf25-21e7ddd19499,2457204.77654,bf,14.562,0.02613,7.754,0.186,2019-04-16 16:27:24 UTC,2019-04-16 16:27:24 UTC
dede91ad-58ec-5c8f-b213-bd6f617ff9e0,5cc223ed-e78d-50c2-bf25-21e7ddd19499,2457377.61003,bh,12.086,0.02,56.195,1.034,2019-04-16 16:27:30 UTC,2019-04-16 16:27:30 UTC
df6e0d09-2ba5-53c3-bbc8-4d59963e9005,5cc223ed-e78d-50c2-bf25-21e7ddd19499,2456811.8644,bf,14.147,0.02277,11.366,0.238,2019-04-16 16:27:39 UTC,2019-04-16 16:27:39 UTC
df8dfc54-d1cb-59b2-936d-a8c5ec2beca8,5cc223ed-e78d-50c2-bf25-21e7ddd19499,2457000.57238,bf,12.798,0.02,39.371,0.724,2019-04-16 16:27:24 UTC,2019-04-16 16:27:24 UTC
dfbd51d4-7389-548d-ad4a-f94f6a31c9ac,5cc223ed-e78d-50c2-bf25-21e7ddd19499,2457223.72,bf,14.102,0.02256,11.849,0.246,2019-04-16 16:27:15 UTC,2019-04-16 16:27:15 UTC
e06baeb8-53ad-5f16-8e57-e8e68df072d7,5cc223ed-e78d-50c2-bf25-21e7ddd19499,2456830.839,bf,13.93,0.02199,13.888,0.281,2019-04-16 16:27:18 UTC,2019-04-16 16:27:18 UTC
e0a61327-0062-584e-9537-bd0fbdbb1449,5cc223ed-e78d-50c2-bf25-21e7ddd19499,2458341.82107,bh,14.16,0.02532,8.312,0.194,2019-04-16 16:27:34 UTC,2019-04-16 16:27:34 UTC
e2d579dc-a531-58fc-aa6a-91271f977c0c,5cc223ed-e78d-50c2-bf25-21e7ddd19499,2457347.61593,bh,11.472,0.02,98.871,1.819,2019-04-16 16:27:26 UTC,2019-04-16 16:27:26 UTC
e3e9b801-b6ac-50f4-822f-f8ac1c08405d,5cc223ed-e78d-50c2-bf25-21e7ddd19499,2457764.54068,bh,10.783,0.02,186.558,3.433,2019-04-16 16:27:47 UTC,2019-04-16 16:27:47 UTC
e406b59a-4412-5e4b-85a9-ec6c88fa331f,5cc223ed-e78d-50c2-bf25-21e7ddd19499,2457547.83473,bh,14.205,0.02579,7.977,0.189,2019-04-16 16:27:47 UTC,2019-04-16 16:27:47 UTC
e47121c8-bc45-520c-a438-a9891a557eaf,5cc223ed-e78d-50c2-bf25-21e7ddd19499,2457288.54536,bh,12.091,0.02,55.89,1.028,2019-04-16 16:27:27 UTC,2019-04-16 16:27:27 UTC
e4e01267-d83a-52ac-ba6d-2d02c5c2bc6f,5cc223ed-e78d-50c2-bf25-21e7ddd19499,2458132.53582,bh,12.05,0.02,58.047,1.068,2019-04-16 16:27:15 UTC,2019-04-16 16:27:15 UTC
e5050f94-e216-58a0-a747-3055f77421ea,5cc223ed-e78d-50c2-bf25-21e7ddd19499,2457026.55269,bf,13.064,0.02,30.832,0.567,2019-04-16 16:27:24 UTC,2019-04-16 16:27:24 UTC
e60ab5d2-ff64-5a02-81ca-2c37cb5f4c5e,5cc223ed-e78d-50c2-bf25-21e7ddd19499,2456858.72359,bf,12.827,0.02,38.338,0.705,2019-04-16 16:27:28 UTC,2019-04-16 16:27:28 UTC
e661766a-28f9-54a9-beb7-45b6a7779f80,5cc223ed-e78d-50c2-bf25-21e7ddd19499,2457222.72005,bf,14.388,0.02441,9.097,0.204,2019-04-16 16:27:23 UTC,2019-04-16 16:27:23 UTC
e68d631a-1478-5bca-aa52-90de465f0822,5cc223ed-e78d-50c2-bf25-21e7ddd19499,2457333.74313,bh,11.154,0.02,132.559,2.439,2019-04-16 16:27:22 UTC,2019-04-16 16:27:22 UTC
e78b4449-5e99-50c7-a5f7-a70d1d10700b,5cc223ed-e78d-50c2-bf25-21e7ddd19499,2458105.6112,bh,13.436,0.02185,16.195,0.326,2019-04-16 16:27:23 UTC,2019-04-16 16:27:23 UTC
e85e1dc1-6e3d-56d8-a349-ec00ed4f55e2,5cc223ed-e78d-50c2-bf25-21e7ddd19499,2458369.82895,bh,14.247,0.02626,7.679,0.185,2019-04-16 16:27:27 UTC,2019-04-16 16:27:27 UTC
e89b283d-8d42-55ea-85bf-b14db807c82f,5cc223ed-e78d-50c2-bf25-21e7ddd19499,2456849.81224,bf,13.644,0.022,18.057,0.366,2019-04-16 16:27:15 UTC,2019-04-16 16:27:15 UTC
e9bc6040-745a-51ba-bad2-3360128af2c5,5cc223ed-e78d-50c2-bf25-21e7ddd19499,2457971.74425,bh,14.524,0.03008,5.949,0.165,2019-04-16 16:27:14 UTC,2019-04-16 16:27:14 UTC
e9f70d6c-05be-5641-b915-3221aec495b0,5cc223ed-e78d-50c2-bf25-21e7ddd19499,2457719.592,bh,10.428,0.02,258.746,4.761,2019-04-16 16:27:55 UTC,2019-04-16 16:27:55 UTC
ea1523f7-723c-521b-b148-7335ff9cb1ef,5cc223ed-e78d-50c2-bf25-21e7ddd19499,2456993.58177,bf,12.704,0.02,42.964,0.791,2019-04-16 16:27:28 UTC,2019-04-16 16:27:28 UTC
ea8672f1-6aa3-5c60-b7c4-60c8eb72ff78,5cc223ed-e78d-50c2-bf25-21e7ddd19499,2458070.64239,bh,14.065,0.02444,9.075,0.204,2019-04-16 16:27:27 UTC,2019-04-16 16:27:27 UTC
ebb80d62-0010-501e-996b-d65b30fe656b,5cc223ed-e78d-50c2-bf25-21e7ddd19499,2457607.83646,bh,15.096,0.04299,3.513,0.139,2019-04-16 16:27:45 UTC,2019-04-16 16:27:45 UTC
ec4beaea-29d6-5139-9b99-7cdbef8e3b9b,5cc223ed-e78d-50c2-bf25-21e7ddd19499,2457160.8934,bf,15.635,0.04993,2.885,0.133,2019-04-16 16:27:22 UTC,2019-04-16 16:27:22 UTC
ef90456e-4dd4-5a8a-aa30-a8d46a8f2663,5cc223ed-e78d-50c2-bf25-21e7ddd19499,2458083.69002,bh,14.109,0.02483,8.714,0.199,2019-04-16 16:27:55 UTC,2019-04-16 16:27:55 UTC
f118f866-6e88-50cc-8268-477f74008722,5cc223ed-e78d-50c2-bf25-21e7ddd19499,2457712.68316,bh,10.744,0.02,193.363,3.558,2019-04-16 16:27:17 UTC,2019-04-16 16:27:17 UTC
f170773a-6805-56cc-bf3a-ff4995678193,5cc223ed-e78d-50c2-bf25-21e7ddd19499,2457190.81278,bf,15.119,0.03521,4.642,0.15,2019-04-16 16:27:28 UTC,2019-04-16 16:27:28 UTC
f20c0fec-8d74-5760-8ddd-7635b6c8b156,5cc223ed-e78d-50c2-bf25-21e7ddd19499,2457969.68631,bh,14.342,0.02742,7.03,0.177,2019-04-16 16:27:55 UTC,2019-04-16 16:27:55 UTC
f213387a-e7d6-5efe-b050-f5d59b844f47,5cc223ed-e78d-50c2-bf25-21e7ddd19499,2457576.80802,bh,14.161,0.02533,8.312,0.194,2019-04-16 16:27:24 UTC,2019-04-16 16:27:24 UTC
f43bbcc4-3732-5135-890f-54f235df6168,5cc223ed-e78d-50c2-bf25-21e7ddd19499,2456839.83243,bf,13.874,0.0219,14.622,0.295,2019-04-16 16:27:54 UTC,2019-04-16 16:27:54 UTC
f63e3bf5-a286-5709-9d75-fccc855e3bfb,5cc223ed-e78d-50c2-bf25-21e7ddd19499,2457339.68886,bh,11.303,0.02,115.494,2.125,2019-04-16 16:27:43 UTC,2019-04-16 16:27:43 UTC
f7fe0f11-e558-58bf-a583-871955238ce7,5cc223ed-e78d-50c2-bf25-21e7ddd19499,2457967.81837,bh,13.873,0.02305,10.834,0.23,2019-04-16 16:27:45 UTC,2019-04-16 16:27:45 UTC
f9ab9d47-7a7a-5d08-af90-6c901f60205d,5cc223ed-e78d-50c2-bf25-21e7ddd19499,2458067.64957,bh,13.498,0.02186,15.295,0.308,2019-04-16 16:27:22 UTC,2019-04-16 16:27:22 UTC
f9ec811e-b9b9-54dd-a3aa-cd2537b428e5,5cc223ed-e78d-50c2-bf25-21e7ddd19499,2458118.5773,bh,13.049,0.02323,23.146,0.495,2019-04-16 16:27:15 UTC,2019-04-16 16:27:15 UTC
fa0eeed5-4f90-5c23-b780-99722c2f4e2e,5cc223ed-e78d-50c2-bf25-21e7ddd19499,2457249.64622,bf,14.54,0.02589,7.916,0.189,2019-04-16 16:27:39 UTC,2019-04-16 16:27:39 UTC
fa3d000d-6b91-589c-b8d0-c51de2a972ce,5cc223ed-e78d-50c2-bf25-21e7ddd19499,2458364.80364,bh,13.929,0.0234,10.286,0.221,2019-04-16 16:27:24 UTC,2019-04-16 16:27:24 UTC
ffe467e2-ce11-59e4-8b1a-b68b8b0b8cd6,5cc223ed-e78d-50c2-bf25-21e7ddd19499,2458075.69609,bh,13.77,0.02253,11.906,0.247,2019-04-16 16:27:20 UTC,2019-04-16 16:27:20 UTC
